1,Sorail Upzilla Uposhakha,1
2,Kawtali Uposhakha  Brahmanbaria,2
3,Sarak Bazar Uposhakha Brahmanbaria,3
4,Nandanpur Uposhakha Brahmanbaria,4
5,Nasirnagar Uposhakha Brahmanbaria,5
6,Nobinagar Uposhakha Brahmanbaria,6
7,Biswaroad Point Brahmanbaria,7
8,Fulbaria Brahmanbaria Uposhakha,8
9,Krishnanagar Bazar Uposhakha Bbaria,9
10,Islampur Bazar Upo. Brahmanbaria,10
11,Gas Field Gate  Brahmanbaria,11
12,Bijoynagar Amtoli Bazar,12
13,Ramu Uposhakha Coxs Bazar,20
14,Court Bazar Uposhakha Coxs Bazar,21
15,Eidgah Bazar Uposhakha Coxs Bazar,22
16,Sonar Para Uposhakha Coxs Bazar,23
17,Teknaf Uposhakha Coxs Bazar,24
18,Link Road Coxs Bazar Uposhakha,25
19,Naikhongchari Uposhakha Bandarban,26
20,Hnila Bazar Uposhakha Coxs Bazar,27
21,Shamlapur Bazar Upo Coxs Bazar,28
22,Moricha Uposhakha Coxs Bazar,29
23,Oxygen MoorUposhakha Chattogram,30
24,Kaptai Rastar Matha Uposhakha,31
25,Sharafvata Uposhakha Chattagram,32
26,Marium Nagar Uposhakha Chattogram,33
27,Madunaghat Uposhakha  Chattogram.,34
28,Dovashi Bazar Uposhakha,35
29,Rangunia Uposhakha Chattogram,36
30,Sarkerhat Uposhakha  Chattogram,40
31,Aman Bazar Uposhakha  Chattogram,41
32,Raozan Uposhakha Chattogram,42
33,Gohira Uposhakha Chattogram,43
34,Madanhat Uposhakha Chattrogram,44
35,Katirhat Uposhakha Chattogram,45
36,Chowdhuryhat Uposhakha Chattogram,46
37,Temohoni Bazar Uposhakha Chattogram,55
38,Nazirhat Uposhakha Chattogram,56
39,Boidyer Hat Uposhakha Chattogram,57
40,Noajishpur Uposhakha Chattogram,58
41,Kazirhat Uposhakha Chattogram,59
42,Narayanhat Uposhakha Chattogram,60
43,Choto Kumira Uposhakha Chattogram,70
44,Baro Awlia Uposhakha Chattogram,71
45,Shiberhat Uposhakha Chattogram,72
46,Bhairab Bazar Uposhakha Kishoreganj,85
47,Talshahar Uposhakha Brahmanbaria,86
48,Kamolpur Uposhakha Kishoreganj,87
49,Lalpur Brahmanbaria UPOSHAKHA,88
50,Araisidha Bazar Upo Brahmanbaria,89
51,Reserve Bazar Uposhakha Rangamati,105
52,Debashish Nagor Upo. Rangamati,106
53,Tabalchari Uposhakha Rangamati,107
54,Ranirhat Uposhakha Chattogram,108
55,Dighinala Khagrachhari,109
56,Shantirhat Uposhakha Chattogram,115
57,College Bazar Uposhakha Chattogram,116
58,Rawshanhat Uposhakha Chattogram,117
59,Jaldi Uposhakha Chattogram,118
60,Kala Bibi Dighi Chattogram,119
61,Bailchari Uposhakha Chattogram,120
62,Time Bazar Uposhakha Chattogram,121
63,Rustomhat Uposhakha Chattogram,122
64,Char Patharghata Upo  Chattogram,123
65,Tantar Bazar Uposhakha Brahmanbaria,125
66,Kasba Uposhakha Brahmanbaria,126
67,Champaknagar Upo. Brahmanbaria,127
68,Kuti Chowmohani Upo. Brahmanbaria,128
69,Nayanpur Bazar Upo Brahmanbaria,129
70,Bazalia Uposhakha Chattogram,136
71,Komol Munshir Hat Chattogram,137
72,Adunagar Bazar Uposhakha Chattogram,138
73,Balaghata Uposhakha Bandarban,139
74,Dohazari Uposhakha Chattogram,140
75,Padua Uposhakha Chattagram,141
76,Fultola Bazar Satkania Chattogram,142
77,Mirzakhil Uposhakha Chattogram,143
78,Chambal Bazar Uposhakha Chattogram,144
79,Gachbaria Uposhakha Chattogram,145
80,Chunti Bazar Uposhakha Chattogram,146
81,Matarbari Moheskhali Coxs Bazar,147
82,Pekua Uposhakha Coxs Bazar,148
83,Napura Uposhakha Chattogram,149
84,Dulahazara Coxs Bazar,150
85,Manu Fakir Bazar Chattogram,176
86,Satghatia Pukur Par Chattogram,177
87,Satkania Uposhakha Chattogram,179
88,Kadamtoli Uposhakha  Sylhet,250
89,Jitu Miah s Point Uposhakha Sylhet,251
90,Pirijpur Uposhakha Sylhet,252
91,Boroikandi Uposhakha Sylhet,253
92,TB Gate Sylhet Uposhakha Sylhet,254
93,Sylhet Station Road  Sylhet,255
94,Gowainghat Bazar Uposhakha Sylhet,256
95,Kanaighat Bazar Uposhakha Sylhet,257
96,Jaflong Uposhakha Sylhet,258
97,Golapganj Sylhet Sylhet,259
98,Tuker Bazar Uposhakha Sylhet,260
99,Modina Market Uposhakha Sylhet,261
100,Osmani Medical College Road  Sylhet,262
101,Shamsher NagarUpo. Moulvi Bazar,270
102,Sarkar Bazar Bus Stand  Moulvibazar,271
103,Tengra Bazar Moulvibazar,272
104,Adampur Bazar Uposhakha Moulvibazar,280
105,Bhoirab Bazar Sreemangal,281
106,Kamalganj Uposhakha Moulvi Bazar,282
107,Shibganj Bazar Uposhakha Sylhet,290
108,Fenchuganj Uposhakha Sylhet,291
109,Lala Bazar Uposhakha  Sylhet,292
110,Shahabazpur Uposhakha MoulviBazar,300
111,Ashirganj Bazar Uposhakha Sylhet,301
112,Majortila Uposhakha Sylhet,310
113,Khasdobir Point Uposhakha Sylhet,311
114,Lama Bazar Uposhakha Sylhet,312
115,Tajpur Uposhakha Sylhet,320
116,Khadimpur Bazar Uposhakha  Sylhet,321
117,Sherpur Sylhet Moulvibazar,322
118,Shahestaganj Bazar Uposhakha,325
119,Olipur Highway Uposhakha,326
120,Chunarughat Uposhakha,327
121,Court Station Road Uposhakha Habi.,328
122,Nabiganj Upozilla Habiganj,329
123,Mirpur Bazar Uposhakha Habiganj,330
124,Baniachang Uposhakha Habiganj,331
125,Umednagar Shilpa Elaka  Habiganj,332
126,Aushkandi Uposhakha Habiganj,333
127,Asampara Bazar Uposhakha Habiganj,334
128,Phandauk Bazar Upo. Brahmanbaria,335
129,Noapara Bazar Uposhakha Habiganj,336
130,Montola Bazar Uposhakha Habiganj,337
131,Dharmaghar Bazar Uposhakha Habiganj,338
132,Chatian Madhabpur Habiganj,339
133,Choumuhani Bazar Madhabpur Habiganj,340
134,Barlekha Uposhakha Moulvibazar,345
135,Kulaura Uposhakha Moulvi Bazar,346
136,Brahman Bazar Upo Moulvi Bazar,347
137,Gabindaganj Sunamganj Uposhakha,351
138,Puran Munsafi Road Upo Habiganj,361
139,Jaintapur Uposhakha Sylhet,371
140,Nathullahbad Uposhakha Barisal,400
141,Rupatali Uposhakha Barisal,401
142,Barishal Bazar Road Uposhakha,402
143,Barishal Chawk Bazar Upo. Barishal,403
144,Dhamura Bandar Uposhakha Barishal,404
145,Chowmatha Uposhakha Barishal,405
146,Kalaya Bandar Uposhakha Patuakhali,406
147,Bauphal Bazar Uposhakha Patuakhali,407
148,Bangla Bazar Barishal Barishal,408
149,Shikarpur Uposhakha Barishal,409
150,Amtali Chowrasta Uposhakha Barguna,410
151,Batajor Bazar Barishal Barishal,411
152,Torki Bandar Uposhakha Barishal,412
153,Bakerganj Uposhakha Barishal,413
154,Kalisuri Bazar Uposhakha Patuakhali,414
155,Alipur Uposhakha Patuakhali,415
156,Gouranadi Uposhakha Barishal,416
157,Daulatkhan Uposhakha Bhola,420
158,Bhola Banglabazar Uposhakha Bhola,421
159,Poranganj Uposhakha Bhola,422
160,Charfassion Uposhakha Bhola,423
161,Kunjer Hat Uposhakha Bhola,424
162,Rajapur Uposhakha Jhalokathi,435
163,Amua Bazar Uposhakha Jhalokathi,436
164,Pirojpur Sadar Uposhakha Pirojpur,437
165,Mathbaria Bazar Uposhakha  Pirojpur,438
166,Kawkhali Pirojpur,439
167,Bamna Uposhakha Barguna,440
168,Indurkani Bazar Uposhakha Pirojpur,441
169,Patuakhali Puran Bazar Uposhakha,451
170,Boga Bazar Uposhakha  Patuakhali,452
171,Tushkhali Bazar Uposhakha  Pirojpur,461
172,Nirala Uposhakha  Khulna,550
173,Daulatpur Uposhakha Khulna,551
174,Koiya Bazar Uposhakha Khulna,552
175,Batiaghata Uposhakha Khulna,553
176,Dumuria Uposhakha Khulna,554
177,Paikgacha Uposhakha Khulna,555
178,Sener Bazar Uposhakha Khulna,556
179,Rupsha Ghat Uposhakha Khulna,557
180,Keshabpur Bazar Uposhakha Jashore,558
181,Mongla Bazar Uposhakha Bagerhat,559
182,Pulerhat Uposhakha  Jashore,560
183,Palbari Moor Uposhakha  Jashore,561
184,Monihar Bus Stand Uposhakha Jashore,562
185,Monirampur Uposhakha Jashore,563
186,Jashore Kolabagan Uposhakha Jashore,564
187,Satmail Bazar Uposhakha Jashore,565
188,Narail Sadar Uposhakha Narail,566
189,Chowgacha Bazar Uposhakha Jashore,567
190,Lohagara Bazar Uposhakha Narail,568
191,Langalbandha Uposhakha Jhenaidah,569
192,Chourhash Uposhakha  Kushtia,570
193,Bheramara Uposhakha Kushtia,571
194,Gangni Uposhakha Kushtia,572
195,Meherpur Sadar Meherpur,573
196,Sheikhpara Bazar Jhinaidah,574
197,Chuadanga Sadar Uposhakha Chuadanga,575
198,Panch Raster More Uposhakha Kushtia,576
199,Kumarkhali Uposhakha Kushtia,577
200,Harinarayanpur Uposhakha Kushtia,578
201,Sarajganj Bazar Uposhakha Chuadanga,579
202,Kulia Bazar Uposhakha Satkhira,580
203,Jhawdanga Bazar Uposhakha Satkhira,581
204,Patkelghata Uposhakha Satkhira,582
205,Parulia Bazar Uposhakha,583
206,Kalaroa Uposhakha Satkhira,584
207,Brahmarajpur Bazar Upo Satkhira,585
208,Mujgunni Uposhakha Khulna,590
209,Rupsha Stand Road Uposhakha Khulna,591
210,Khulna New Market Uposhakha Khulna,592
211,Nurbag Main Road Uposhakha Jashore,600
212,Basundia More Uposhakha Jashore,601
213,Gobra Bazar Uposhakha Narail,602
214,Vatpara Bazar Uposhakha Jashore,603
215,Nehalpur Bazar Uposhakha Jashore,604
216,Maijpara Bazar Uposhakha Narail,605
217,Mohajan Bazar Uposhakha Narail,606
218,Fultola Bazar Uposhakha  Khulna,607
219,Baganchra Uposhakha Jashore,610
220,Navaron Uposhakha Jashore,611
221,Jhikargacha Uposhakha Jashore,612
222,Bankra Uposhakha Jashore,613
223,Chutipur Bazar Uposhakha Jashore,614
224,Kotchandpur Uposhakha Jhenaidah,620
225,Barobazar Uposhakha Jhenaidah,621
226,Bhatai Bazar Uposhakha Jhenidah,622
227,Jhenaidah Sadar Uposhakha Jhenaidah,623
228,Shailkupa Bazar Uposhakha Jhenaidah,624
229,Harinakunda Uposhakha Jhenaidah,625
230,Maheshpur Uposhakha Jhenaidah,626
231,Dak Bangla Bazar Jhenaidah,627
232,Hatgopalpur Jhenaidah,628
233,Amla Bazar Uposhakha  Kushtia,630
234,Trimohoni Bazar Uposhakha  Kushtia,631
235,Khoksha Uposhakha Kushtia,632
236,Kushtia Mirpur Bazar Kushtia,633
237,Halsha Bazar Uposhakha Kushtia,634
238,Alamdanga Uposhakha Chuadanga,635
239,Khajanagar Bazar Kushtia,636
240,Badhal Bazar Uposhakha Bagerhat,640
241,Jatrapur Uposhakha Bagerhat,641
242,Chitalmari Bazar Bagherhat,642
243,Fakirhat Uposhakha Bagerhat,643
244,Morrelganj Uposhakha,644
245,Foylahat Uposhakha Bagerhat,645
246,Digraj Bagerhat,646
247,Gollamari Uposhakha  Khulna,650
248,Labonchara Bazar Uposhakha Khulna,651
249,Sheikhpara Power House Upo.  Khulna,652
250,Boyra Uposhakha Khulna,653
251,Moylapota Uposhakha Khulna,654
252,Sachibunia Bazar Uposhakha Khulna,655
253,Kapilmuni Uposhakha Khulna,661
254,Chuknagar Bazar Uposhakha Khulna,662
255,Fulbari Gate Uposhakha Khulna,663
256,Chalna Bazar Uposhakha Khulna,664
257,Radhanagar Bazar Uposhakha Magura,671
258,Mohammadpur Magura Uposhakha Magura,672
259,Jashore University of SciT (JUST),673
260,Sreepur Magura Uposhakha Magura,674
261,Shimakhali Bazar Uposhakha Magura,675
262,Rupdia Bazar Uposhakha Jashore,676
263,Bagherpara Uposhakha Jashore,677
264,Sachilapur Bazar Uposhakha Magura,678
265,Vaina Moor Uposhakha  Magura,679
266,Nohata Bazar Magura Upo  Magura,680
267,Damurhuda Chuadanga,681
268,Jibonnagar Uposhakha Chuadanga,682
269,Andulbaria Bazar Upo Chuadanga,683
270,Asmankhali Bazar Upo Chuadanga,684
271,Karpashdanga Uposhakha Chuadanga,685
272,Baradi Bazar Meherpur Upo Meherpur,686
273,Mujibnagar Uposhakha Meherpur,687
274,Lahini Bottola Uposhakha Kushtia,691
275,Allahar Dorga Uposhakha Kushtia,692
276,Bamundi Uposhakha Meherpur,693
277,Golapnagar Bazar Uposhakha Kushtia,694
278,Mahiganj Uposhakha Rangpur,700
279,Medical East Gate Upo. Rangpur,701
280,Dhap Uposhakha Rangpur,702
281,Rangpur Lalbagh Uposhakha Rangpur,703
282,Rangpur Bus Terminal Uposhakha,704
283,Badarganj Uposhakha Rangpur,705
284,Jaldhaka Uposhakha Nilphamari,706
285,Shathibari Bazar Uposhakha Rangpur,707
286,Phulbari Kurigram Uposhakha,708
287,Lalmonirhat Sadar Lalmonirhat,709
288,Gobindaganj Gaibandha Uposhakha,710
289,Kurigram Sadar Uposhakha Kurigram,711
290,Bhurungamari Uposhakha Kurigram,712
291,Dimla Uposhakha Nilphamari,713
292,Tushbhandar Uposhakha Lalmonirhat,714
293,Pirgacha Rangpur Uposhakha Rangpur,715
294,Saidpur Nilphamari,716
295,Gangachara Uposhakha Rangpur,717
296,Patgram Uposhakha Lalmonirhat,718
297,Nageshwari Uposhakha Kurigram,719
298,Pirganj Rangpur Uposhakha,720
299,Dhaperhat Uposhakha Gaibandha,721
300,Bonarpara Uposhakha Gaibandha,722
301,Mahimaganj Gaibandha,723
302,Sundarganj Uposhakha Gaibandha,724
303,Bahadur Bazar Uposhakha Dinajpur,725
304,Chirirbondor Uposhakha Dinajpur,726
305,Nimnagar Balubari Upo. Dinajpur,727
306,Ranirbandar Uposhakha Dinajpur,728
307,Birampur Uposhakha Dinajpur,729
308,Panchagarh Sadar  Panchagarh,730
309,Birganj Uposhakha Dinajpur,731
310,Boda Bazar Uposhakha Panchagarh,732
311,Atwari Uposhakha Panchagarh,733
312,Fulbari Dinajpur Uposhakha Dinajpur,734
313,Nawabganj Dinajpur Uposhakha,735
314,Pirganj Uposhakha Thakurgaon,750
315,Thakurgaon Sadar Thakurgaon,751
316,Ranisankail Uposhakha Thakurgaon,752
317,Thakurgoan Road Uposhakha,753
318,Nekmarad Bazar Uposhakha Thakurgoan,754
319,Boro Khochabari  THAKURGAON,755
320,Jadurani Bazar Uposhakha Thakurgaon,756
321,Baliadangi Uposhakha Thakurgaon,757
322,Haripur Thakurgoan Upo Thakurgaon,758
323,Bairchuna Uposhakha Thakurgaon,759
324,Dhukurjhari Uposhakha Dinajpur,760
325,Kaharole Uposhakha Dinajpur,761
326,Parbatipur Uposhakha Dinajpur,762
327,Domar Nilphamari,771
328,Ulipur Kurigram,772
329,Paglapir Bazar Uposhakha Rangpur,773
330,Hatibandha Uposhakha Lalmonirhat,774
331,Kishoreganj Nilphamari  Nilphamari,775
332,Taraganj Uposhakha Rangpur,776
333,Kaunia Uposhakha  Rangpur,777
334,Honuman Tola Uposhakha  Rangpur,778
335,Panchbibi Uposhakha  Joypurhat,850
336,Akkelpur Uposhakha Joypurhat,851
337,Jamalganj Joypurhat Uposhakha,852
338,Dhamoirhat Uposhakha Naogaon,853
339,Hilli Bandar Uposhakha Dinajpur,854
340,Khetalal Uposhakha Joypurhat,855
341,Raikali Bazar Uposhakha Joypurhat,856
342,Ghoraghat Uposhakha  Dinajpur,857
343,Nawhata Bazar Uposhakha Rajshahi,860
344,Rajshahi Uposhahar Rajshahi,861
345,Rajshahi Laxmipur Uposhakha,862
346,Rajshahi Court Bazar Uposhakha,863
347,Sherpur Road Colony Uposhakha,870
348,Sherpur Upozilla Uposhakha  Bogura,871
349,Dhupchachia Uposhakha  Bogura,872
350,Gabtoli Upozila Uposhakha Bogura,873
351,Chelopara Uposhakha Bogura,874
352,Bogura Bou Bazar Uposhakha Bogura,875
353,Bogura Shibganj Uposhakha Bogura,876
354,Bogura Uposhahar Uposhakha Bogura,877
355,Godarpara Uposhakha,878
356,Biman More Uposhakha Bogura,879
357,Ishwardi Uposhakha Pabna,880
358,Tebunia Uposhakha Pabna,881
359,Dapunia Bazar Uposhakha Pabna,882
360,Ekdanta Bazar Uposhakha Pabna,883
361,Chatmohor Uposhakha Pabna,884
362,Sujanagar Uposhakha Pabna,885
363,Lalpur Natore Uposhakha Natore,886
364,Baraigram Natore,887
365,Ataikula Uposhakha Pabna,888
366,Bonpara Natore,889
367,Shantahar Uposhakha Bogura,890
368,Chowmashia Uposhakha Naogaon,891
369,Niamatpur Uposhakha Naogaon,892
370,Raninagar Uposhakha Naogaon,893
371,Abadpukur Uposhakha Naogaon,894
372,Sapahar Uposhakha Naogaon,895
373,Mohadevpur Uposhakha Naogaon,896
374,Badalgachi Uposhakha Naogaon,897
375,Nazipur Uposhakha Naogaon,898
376,Shibganj Upo. Chapai Nawabganj,900
377,Godagari Rajshahi,901
378,Rohanpur Uposhakha Chapainawabganj,902
379,Kansat Chapai Nawabganj,903
380,Kakonhat Uposhakha Rajshahi,904
381,Nachole Bazar Upo Chapai Nawabganj,905
382,Charghat Uposhakha,910
383,Durgapur Bazar Uposhakha Rajshahi,911
384,Bagha Uposhakha Rajshahi,912
385,Arani Uposhakha Rajshahi,913
386,Qadirabad Cantonment Natore,914
387,Tamai Uposhakha Sirajganj,920
388,Paikosha Bazar Uposhakha Sirajganj,921
389,Satbaria Bazar Uposhakha Sirajganj,922
390,Sirajganj Sadar Uposhakha Sirajganj,923
391,Jamtoil Bazar Uposhakha Sirajganj,924
392,Shahajadpur Sirajganj Uposhakha,925
393,Enayetpur Sirajganj Uposhakha,926
394,Ullapara Uposhakha Sirajganj,927
395,Harina Pipulbaria Sirajganj,928
396,Salanga Sirajganj,929
397,Santhia Uposhakha Pabna,930
398,Nagarbari Uposhakha Pabna,931
399,Nakalia Bazar Uposhakha Pabna,932
400,Bera Uposhakha Pabna,933
401,Bonogram Bazar Uposhakha  Pabna,934
402,Bhawaniganj Uposhakha,940
403,Natore Sadar Uposhakha Natore,941
404,Mohonganj Uposhakha Rajshahi,942
405,Naldanga Uposhakha Natore,943
406,Gurudashpur Uposhakha Natore,944
407,Keshorhat Uposhakha Rajshahi,945
408,Hatgangopara Uposhakha Rajshahi,946
409,Singra Uposhakha Natore,947
410,Mokamtola Uposhakha Bogura,951
411,Borogola Uposhakha Bogura,952
412,Namuja Hat Uposhakha Bogura,953
413,Majhira Uposhakha Bogura,954
414,Kichak Uposhakha Bogura,955
415,Dhunat Uposhakha Bogura,956
416,Chandaikona Uposhakha Sirajganj,957
417,Nandigram Bus Stand Bogura,958
418,Kahaloo Uposhakha Bogura,959
419,Noymile  Bogura Uposhakha Bogura,960
420,Nimgachi Uposhakha Sirajganj,971
421,Dhangora Bazar Uposhakha Sirajganj,972
422,Sonatola Uposhakha  Bogura,996
423,Sariakandi Uposhakha  Bogura,997
424,Mohasthan Garh Uposhakha  Bogura,998
425,Principal Branch,1001
426,Gulshan Branch,1002
427,Narayanganj Branch,1003
428,Moulvi Bazar Branch  Dhaka,1004
429,Islampur Branch,1005
430,Dhanmondi Branch,1006
431,Shantinagar Branch,1007
432,Federation Branch,1008
433,Bangshal Branch,1011
434,Mirpur Branch,1013
435,Elephant Road Branch,1014
436,Netaiganj Branch,1016
437,Kawran Bazar Branch,1017
438,Malibagh Branch,1019
439,Naya Paltan Branch,1020
440,Mymensingh Branch,1022
441,Faridpur Branch,1023
442,Uttara Branch,1024
443,Lalmatia Branch,1025
444,Pallabi Branch,1027
445,North Brooke Hall Road Branch,1028
446,Nawabpur Road Branch,1029
447,Bashundhara Branch,1070
448,Pragati Sarani Branch,1072
449,Tangail Branch,1076
450,Stock Exchange Branch,1090
451,Tanbazar Branch,1091
452,Shariatpur Branch,1092
453,Mohakhali Branch,1094
454,Banani Branch,1096
455,Ghorasal Branch,1109
456,Narsingdi Branch,1110
457,Bajitpur Branch,1112
458,Muktarpur Branch,1115
459,Madhabdi Branch,1118
460,Konabari Branch,1121
461,Takerhat Branch,1126
462,Savar Bazar Branch,1171
463,Panchaboti Branch,1173
464,Tongi SME Krishi Branch,1174
465,Nawabganj SME Krishi Branch,1175
466,Board Bazar Branch,1177
467,Dhamrai SME Krishi Branch,1178
468,Dania Branch,1193
469,Keraniganj Branch,1195
470,Ashulia Branch,1197
471,Rupgonj Branch,1198
472,Mohammadpur Branch,1201
473,Gulshan Tejgaon Link Road Branch,1203
474,Chandra SME Krishi Branch,1205
475,Manikgonj Branch,1206
476,Gabtoli Bagbari Branch,1207
477,Konapara Branch,1208
478,Shahjalal Avenue Branch  Dhaka,1211
479,Meghola Bazar Branch,1213
480,Garibe Newaz Avenue Branch,1217
481,Hasnabad Branch,1218
482,Aganagar Branch,1219
483,Seed Store Bazar Branch,1221
484,Shibu Market Branch,1224
485,Gazipur Chowrasta Branch,1225
486,Mawna Branch Gazipur,1226
487,Sherpur Branch  Sherpur,1227
488,Bandar Branch  Narayanganj,1228
489,Jamalpur Branch  Jamalpur,1229
490,Isapura Bazar Branch,1230
491,Karatia Branch,1231
492,Darus Salam Road Branch  Dhaka,1232
493,Panchdona Branch,1233
494,Arshinagar Branch  Dhaka.,1234
495,Bhuigar Branch  Narayanganj,1235
496,Cherag Ali Branch  Gazipur,1237
497,Federation Branch,1238
498,Bhawal Mirzapur Branch  Gazipur,1239
499,Kapasia Branch  Gazipur,1240
500,Shafipur Branch  Gazipur.,1244
501,Banasree Branch  Dhaka.,1245
502,Goalanda Branch,1248
503,Khilgaon Branch,1249
504,Zirani Bazar Branch  Dhaka,1250
505,Kishoreganj Branch  Kishoreganj,1251
506,Nikunja Branch  Dhaka,1252
507,Araihazar Branch  Narayanganj,1253
508,Sonargaon Branch  Narayanganj,1254
509,Dhanbari Branch  Tangail.,1255
510,Kashiani Branch,1256
511,Netrokona Branch,1257
512,Bakshiganj Branch   Jamalpur,1258
513,Panchar Branch  Madaripur,1259
514,Madaripur Branch,1270
515,Gopalganj Branch,1273
516,Agrabad Branch,2030
517,Khatunganj Branch,2031
518,Brahmanbaria Branch,2034
519,Comilla Branch,2035
520,Patiya Branch  Chattogram,2036
521,Chawk Bazar Branch,2040
522,Feni Branch,2041
523,Shah Amanat Market Branch,2042
524,Coxs Bazar Branch,2044
525,Sheikh Mujib Road Branch,2045
526,Choumuhani Branch,2050
527,CDA Avenue Branch,2054
528,Alankar More Branch,2056
529,Noju Miah Hat Branch,2132
530,Hathazari Branch,2137
531,Companyganj Branch,2148
532,Fatikchari Branch,2152
533,Madam Bibir Hat Branch,2153
534,Ashuganj Branch,2155
535,Chandina Branch,2157
536,Rangamati Branch,2204
537,Gouripur Bazar Branch,2210
538,Miah Bazar Branch,2214
539,Bandartila Branch,2220
540,Chandraganj Branch,2222
541,Anwara Branch  Chittagong.,2236
542,Khulshi Branch  Chittagong,2241
543,Kachua Branch  Chandpur,2246
544,Moynamoti Branch  Comilla,2247
545,Akhaura Branch,2250
546,Keranihat Branch  Satkania  CTG.,2251
547,Chakaria Branch  Coxs Bazar,2252
548,Laxmipur Branch,2253
549,Laksham Branch,2254
550,Sandwip Branch,2255
551,Boalkhali Branch,2256
552,Khagrachari Branch,2267
553,Bandarban Branch,2268
554,Sylhet Branch,3033
555,Subid Bazar Branch,3043
556,Moulvibazar District Branch,3046
557,Shreemongal Branch,3047
558,Uposhohar Branch,3049
559,Beani Bazar Branch,3138
560,Ambarkhana Branch,3139
561,Goala Bazar Branch,3151
562,Habiganj Branch,3216
563,Madhabpur Branch  Habiganj.,3242
564,Juri Branch,3251
565,Sunamganj Branch,3252
566,Khulna Branch,4060
567,Jessore Branch,4061
568,Kushtia Branch,4062
569,Satkhira Branch,4065
570,Boro Bazar Branch,4067
571,Noapara Branch,4163
572,Benapole Branch,4166
573,Kaliganj SME Krishi Branch,4168
574,Poradah Branch,4169
575,Bagerhat Branch,4212
576,Sonadanga Branch,4223
577,Darshana Branch,4224
578,Narail Branch,4260
579,Magura Branch,4261
580,Barisal Branch,5064
581,Bhola Branch,5202
582,Jhalokathi Branch  Jhalokathi,5243
583,Patuakhali Branch  Patuakhali,5244
584,Bhandaria BRANCH,5245
585,Pirojpur Branch,5262
586,Barguna Branch,5266
587,Joypurhat Branch,6058
588,Rajshahi Branch,6080
589,Rangpur Branch,6081
590,Bogra Branch,6082
591,Dinajpur Branch,6083
592,Pabna Branch,6084
593,Naogaon Branch,6085
594,Chapai Nawabganj Branch,6086
595,Setabgonj SME Krishi Branch,6179
596,Baneshwar Branch,6187
597,Belkuchi Branch,6188
598,Kashinathpur SME Krishi Branch,6189
599,Birol Bazar Branch,6209
600,Taherpur Branch,6215
601,Sirajganj Branch,6216
602,Palashbari Branch  Gaibandha,6217
603,Panchagarh Branch,6263
604,Natore Branch,6264
605,Gaibandha Branch,6271
606,Nilphamari Branch,6275
607,Nazimuddin Road Uposhakha  Dhaka,7020
608,Becharam Dewri Uposhakha  Dhaka,7021
609,Lalbagh Uposhakha Dhaka,7022
610,Showari Ghat Uposhakha Dhaka,7023
611,Choto Katra Uposhakha Dhaka,7024
612,Islambagh Uposhakha Dhaka,7025
613,Kamrangir Char Uposhakha,7030
614,Badamtoli Uposhakha,7031
615,Rony Market Uposhakha  Dhaka,7032
616,Midford Road Uposhakha  Dhaka,7033
617,Armanitola Uposhakha Dhaka,7034
618,Zindabahar First Lane Dhaka,7035
619,Wais Ghat Uposhakha Dhaka,7036
620,Zigatola Uposhakha,7045
621,Green Road Uposhakha Dhaka,7046
622,Tannery More Uposhakha Dhaka,7047
623,Rayer Bazar Uposhakha Dhaka,7048
624,Mouchak Uposhakha,7065
625,Moghbazar Uposhakha,7066
626,Malibagh Moor Uposhakha Dhaka,7067
627,Malibagh Kancha Bazar Uposhakha,7068
628,Abul Hasnat Road Uposhakha  Dhaka,7095
629,Kazi Alauddin Road Uposhakha Dhaka,7096
630,Naya Bazar Moor Uposhakha Dhaka,7097
631,MirpurSherEBangla Stadium Uposhakha,7110
632,Kachukhet Uposhakha,7111
633,Borobagh Uposhakha  Dhaka,7112
634,Senpara Parbata Uposhakha  Dhaka,7113
635,Taltola Bazar Road Uposhakha  Dhaka,7114
636,East Kafrul Uposhakha Dhaka,7115
637,Shewrapara Uposhakha Dhaka,7116
638,Hatirpool Uposhakha,7135
639,Azimpur Uposhakha  Dhaka,7136
640,Science Lab Uposhakha Dhaka,7137
641,Chapra Mosjid Azimpur Dhaka,7138
642,Dilu Road Uposhakha,7155
643,Panthapath Uposhakha,7156
644,Banglamotor Uposhakha  Dhaka,7157
645,Tejturi Bazar RoadUposhakha Dhaka,7158
646,Indira Road Uposhakha Dhaka,7159
647,Tejkunipara Uposhakha Dhaka,7160
648,Holiday Inn Dhaka City Center,7161
649,WAPDA Road Uposhakha,7180
650,Noyatola Road Uposhakha  Dhaka,7181
651,TV Center Uposhakha  Dhaka,7182
652,Rampura Bou Bazar Uposhakha Dhaka,7183
653,Bijoynagar Uposhakha,7200
654,Paltan Uposhakha,7201
655,VIP Road Uposhakha  Dhaka,7202
656,Segunbagicha Uposhakha Dhaka,7203
657,Bangabandhu Avenue Uposhakha Dhaka,7204
658,Kamlapur Bazar Uposhakha Dhaka,7205
659,Arambagh Uposhakha  Dhaka,7206
660,Gausul Azam Avenue Uposhakha,7220
661,Uttara Sector 6 Uposhakha  Dhaka,7221
662,Uttarkhan Mazar Road  Uposhakha,7222
663,Moinertek Uposhakha  Dhaka,7223
664,Ashkona Bazar Uposhakha Dhaka,7224
665,Kanchkura Uposhakha Dhaka,7225
666,Nikunja 2 Uposhakha Dhaka,7226
667,Pakuria Bazar Uposhakha Dhaka,7227
668,Dakshinkhan Bazar Uposhakha Dhaka,7228
669,Joynal Market  Dakshinkhan  Dhaka,7229
670,Jahura Market Road Uposhakha Dhaka,7230
671,Azampur Kancha Bazar Upo. Dhaka,7231
672,Baunia Bazar Uposhakha Dhaka,7232
673,Asad Gate Uposhakha,7245
674,Monipuripara Uposhakha  Dhaka,7246
675,Shankar Uposhakha  Dhaka,7247
676,Town Hall Uposhakha Dhaka,7248
677,Sat Masjid Road Uposhakha Dhaka,7249
678,Mirpur DOHS Uposhakha,7265
679,Pallabi Phase   II Uposhakha  Dhaka,7266
680,Pallabi Extension Uposhakha  Dhaka,7267
681,Banarasi Palli Uposhakha  Dhaka,7268
682,Rupnagar Uposhakha  Dhaka,7269
683,Lalmati Uposhakha Dhaka,7270
684,Mirpur 6 Uposhakha Dhaka,7271
685,Mirpur 12 Uposhakha Dhaka,7272
686,Dewanpara Uposhakha Dhaka,7273
687,ECB Chattar Uposhakha Dhaka,7274
688,Shyampur Uposhakha Dhaka,7285
689,Roy Saheb Bazar Moor Uposhakha,7286
690,Lalkuthi Uposhakha Dhaka,7287
691,Sutrapur Uposhakha Dhaka,7288
692,Laxmibazar Uposhakha Dhaka,7289
693,Gendaria Uposhakha  Dhaka,7300
694,Distillery Road Uposhakha  Dhaka,7301
695,Dholaikhal Uposhakha Dhaka,7302
696,BCC Road Uposhakha Dhaka,7303
697,Kuril Chowrasta Uposhakha,7315
698,Bhatara Uposhakha,7316
699,Joar Shahara Bazar Uposhakha  Dhaka,7317
700,Madani Avenue Uposhakha Dhaka,7318
701,Nadda Uposhakha Dhaka,7319
702,Beraid Uposhakha Dhaka,7320
703,Kuratoli Bazar Uposhakha Dhaka,7321
704,Khandaker Bari Moor Uposhakha Dhaka,7323
705,Satarkul Uposhakha,7335
706,Middle Badda Post Office Road Dhaka,7336
707,Merul Badda Uposhakha Dhaka,7337
708,Gulshan Badda Link Road Dhaka,7338
709,Shahjadpur Uposhakha Dhaka,7339
710,Gulshan Lake Drive Road Upo. Dhaka,7340
711,Ittefaq More Uposhakha,7355
712,Sayadabad Uposhakha  Dhaka,7356
713,Golapbagh Uposhakha  Dhaka,7357
714,R.K. Mission Road Uposhakha Dhaka,7358
715,Hatkhola Fokir Banu Market Dhaka,7359
716,Rasulbagh Uposhakha Dhaka,7375
717,Niketon Bazar Uposhakha Dhaka,7376
718,Banani Bazar Uposhakha  Dhaka,7395
719,Banani Chairmanbari Upo. Dhaka,7396
720,Banani Graveyard Road Dhaka,7397
721,Tushardhara Uposhakha,7415
722,Rayerbagh Uposhakha,7416
723,Matuail Uposhakha,7417
724,Nurpur Uposhakha Dhaka,7418
725,Swamibagh Uposhakha Dhaka,7419
726,Dholaipar Uposhakha Dhaka,7420
727,Polashpur Uposhakha Dhaka,7421
728,East Jurain Uposhakha Dhaka,7422
729,Shuti Khalpar Uposhakha Dhaka,7423
730,Mohammadbag Uposhakha Dhaka,7424
731,Dhaka Uddan Uposhakha,7435
732,Mohammadpur Bus Stand Uposhakha,7436
733,Babor Road Uposhakha  Dhaka,7437
734,Mohammadia Housing Main Road Dhaka,7438
735,Sir Salimullah Road Dhaka,7439
736,Adabor 16 Uposhakha Dhaka,7440
737,Katasur Uposhakha Dhaka,7441
738,Tajmahal Road Uposhakha Dhaka,7442
739,Noorjahan Road Uposhakha Dhaka,7443
740,Adabor 11 Uposhakha Dhaka,7444
741,West Nakhalpara Uposhakha  Dhaka,7455
742,East Nakhalpara Uposhakha Dhaka,7456
743,Kunipara Happy Homes Dhaka,7457
744,Hemayetpur Uposhakha,7475
745,Maddho Paikpara Uposhakha,7476
746,Shyamoli Bus Stand Uposhakha  Dhaka,7477
747,Kallayanpur Uposhakha Dhaka,7478
748,Golartek Uposhakha Dhaka,7479
749,Shahjahan Market Uposhakha Dhaka,7480
750,Kaundia Uposhakha  Dhaka,7481
751,Boro Bazar Gabtoli Uposhakha  Dhaka,7482
752,Sarulia Uposhakha,7490
753,Bamuil Uposhakha,7491
754,Sanarpar Uposhakha,7492
755,Kazla Uposhakha  Dhaka,7493
756,Dogair Bazar Uposhakha Dhaka,7494
757,Matuail School Road Upo. Dhaka,7495
758,South Jatrabari Uposhakha Dhaka,7496
759,Wari Uposhakha,7505
760,Karimullahbagh Uposhakha Dhaka,7506
761,Mirhazirbagh Uposhakha Dhaka,7507
762,Mollartek Kosaibari Upo  Dhaka,7508
763,Abdullahpur Bus Stand Uposhakha,7515
764,Fulbaria Bazar Uposhakha  Dhaka,7516
765,Kamarpara Uposhakha  Dhaka,7517
766,Uttarkhan Masterpara Uposhakha,7518
767,Sector 12 Khalpar Uposhakha Dhaka,7519
768,Rajabari Chowrasta Upo. Dhaka,7520
769,Madhya Pirerbag Uposhakha,7530
770,Mazar Road Uposhakha,7531
771,Rainkhola Bazar Uposhakha Dhaka,7532
772,Dhan Kheter More Uposhakha Dhaka,7533
773,Tolarbag Uposhakha Dhaka,7534
774,Mirpur 1 Bazar Uposhakha Dhaka,7535
775,Kallayanpur Natun Bazar Dhaka,7536
776,South Banasree Uposhakha,7560
777,Banasree A Block Uposhakha Dhaka,7561
778,Saherunbagh Uposhakha Dhaka,7562
779,Banasree F Block Uposhakha Dhaka,7563
780,Aftabnagar Uposhakha Dhaka,7564
781,Taltola Uposhakha,7580
782,Madartek Uposhakha  Dhaka,7581
783,Nandipara Uposhakha  Dhaka,7582
784,Bashabo Uposhakha  Dhaka,7583
785,North Mugda Uposhakha  Dhaka,7584
786,South Goran Uposhakha  Dhaka,7585
787,Manda Uposhakha Dhaka,7586
788,Bouddho Mondir Sabujbag Uposhakha,7587
789,Dakhingaon Bazar Uposhakha Dhaka,7588
790,Holan Bazar  Dakshinkhan  Dhaka,7610
791,Bhaber Char Bazar Munsiganj,7620
792,Baradi Bus Stop Narayanganj,7621
793,Jamaldi Uposhakha Munshiganj,7622
794,Meghna Ghat Uposhakha Narayanganj,7623
795,Kashipur Uposhakha  Narayanganj,7810
796,Tamak Potti Uposhakha Narayanganj,7811
797,Masdair Uposhakha Narayanganj,7812
798,Trishal Uposhakha  Mymensingh,7820
799,Shombhuganj Uposhakha  Mymensingh,7821
800,Natun Bazar Uposhakha Mymensingh,7822
801,Muktagacha Uposhakha Mymensingh,7823
802,Fulpur Uposhakha Mymensingh,7824
803,Tarakanda Uposhakha Mymensingh,7825
804,Purbadhola Uposhakha Netrokona,7826
805,Ishwarganj Uposhakha Mymensingh,7827
806,Shyamgonj Uposhakha Netrokona,7828
807,Telegati Bazar Atpara Netrokona,7829
808,Gafargaon Uposhakha Mymensingh,7830
809,Charpara Uposhakha Mymensingh,7831
810,Barhatta Bazar Uposhakha Netrokona,7832
811,Kalmakanda Uposhakha Netrokona,7833
812,Madan Uposhakha Netrokona,7834
813,Gouripur  Mymensingh Mymensingh,7835
814,Haluaghat Uposhakha Mymensingh,7836
815,Kewatkhali Uposhakha Mymensingh,7837
816,Kendua Bazar Uposhakha Netrokona,7838
817,Purbadhala Bazar Upo Netrokona,7839
818,Goalchamot Uposhakha,7840
819,Tepakhola Bazar Uposhakha Faridpur,7841
820,Charbhadrasan Bazar Upo. Faridpur,7842
821,Kanaipur Bazar Uposhakha Faridpur,7843
822,Gozaria Bazar Uposhakha Faridpur,7844
823,Kholilpur Bazar Uposhakha Faridpur,7845
824,Hatkrisnapur Uposhakha Faridpur,7846
825,Sadarpur Bazar Uposhakha Faridpur,7847
826,Nolia Jamalpur Bazar  Faridpur,7848
827,Boalmari Uposhakha Faridpur,7849
828,Alfadanga Uposhakha Faridpur,7850
829,Satoir Bazar Uposhakha Faridpur,7851
830,Moyendia Bazar Uposhakha Faridpur,7852
831,Saltha Bazar Uposhakha Faridpur,7853
832,Momin Khar Hat Uposhakha Faridpur,7854
833,Pathrail Uposhakha,7855
834,Bottola Uposhakha Tangail,7856
835,Elenga Uposhakha Tangail,7857
836,Ghatail Uposhakha Tangail,7858
837,Takterchala Uposhakha Tangail,7859
838,Tangail Baby Stand Uposhakha,7860
839,Bhuapur Uposhakha Tangail,7861
840,College Para Uposhakha Tangail,7862
841,Shakhipur Uposhakha Tangail,7863
842,Registry Para Uposhakha Tangail,7864
843,Khanpur Bazar Narayanganj,7865
844,Ajmeribag Tallah Narayanganj,7866
845,Tagarpar Isdair Upo. Narayanganj,7867
846,Narayanganj BB Road Uposhakha,7868
847,Kalir Bazar Uposhakha Narayanganj,7869
848,Deobhog Uposhakha Narayanganj,7870
849,Chashara Balur Math Narayanganj,7871
850,Baburail Bazar Upo Narayanganj,7872
851,Damudya Uposhakha Shariatpur,7875
852,Khoajpur Uposhakha Madaripur,7876
853,Ghorishar Uposhakha Shariatpur,7877
854,Vedorganj Uposhakha Shariatpur,7878
855,Zazira Uposhakha Shariatpur,7879
856,Monohor Bazar Uposhakha Shariatpur,7880
857,Gosairhat Uposhakha Shariatpur,7881
858,Sakhipur Shariatpur Upo Shariatpur,7882
859,Kaliganj Bazar Uposhakha  Gazipur,7885
860,Palash Uposhakha  Narsingdi,7886
861,Bashair Bazar Uposhakha Gazipur,7887
862,Charsindur Bazar Upo. Narshingdi,7888
863,Dolan Bazar Uposhakha Gazipur,7889
864,Monohordi Uposhakha,7895
865,Karimpur Uposhakha  Narsingdi,7896
866,Shibpur Bazar Uposhakha  Narsingdi,7897
867,Baroicha Uposhakha  Narsingdi,7898
868,Itakhola Uposhakha Narsingdi,7899
869,Hatirdia Bazar Uposhakha Narsingdi,7900
870,Narsingdi Bazar Uposhakha Narsingdi,7901
871,Poradia Bazar Uposhakha Narsingdi,7902
872,Sararchar Uposhakha  Kishoreganj,7905
873,Katiadi Uposhakha Kishoreganj,7906
874,Kuliarchar Uposhakha Kishoreganj,7907
875,Tarail Uposhakha Kishoreganj,7908
876,Nikli Kishoreganj,7909
877,Tongibari Uposhakha  Munshiganj,7915
878,Hatimara Uposhakha  Munshiganj,7916
879,Munshiganj Sadar Munshiganj,7917
880,Baligaon Uposhakha Munshiganj,7918
881,Rikabi Bazar Munshiganj,7919
882,Paschim Mukterpur Upo Munshiganj,7920
883,Banti Bazar Uposhakha,7925
884,Khoria Bazar Uposhakha Narayanganj,7926
885,Shekharchar Baburhat Narsingdi,7927
886,Chanpara Bazar Upo. Narayanganj,7928
887,Kashimpur Uposhakha  Gazipur,7935
888,Baimail Uposhakha Gazipur,7936
889,Noser Market Uposhakha Gazipur,7937
890,Jalirpar Bazar Uposhakha Gopalganj,7945
891,Kabirajpur Bazar Upo. Madaripur,7946
892,Mostafapur Uposhakha Madaripur,7947
893,Charmuguria Uposhakha Madaripur,7948
894,Bhanga Bazar Uposhakha Faridpur,7949
895,Kalkini Uposhakha Madaripur,7950
896,Shibchar Uposhakha Madaripur,7951
897,Genda Uposhakha,7955
898,Kalma Uposhakha,7956
899,Singair Road Uposhakha Dhaka,7957
900,Kuturia Uposhakha Dhaka,7958
901,Shahibag Chowrasta Uposhakha Dhaka,7959
902,Rajfulbaria Bazar Uposhakha Dhaka,7960
903,Bank Town Uposhakha Dhaka,7961
904,Savar Thana Stand Uposhakha Dhaka,7962
905,Chayabithi Uposhakha Dhaka,7963
906,Pagla Uposhakha Narayanganj,7970
907,Dharmaganj Uposhakha Narayanganj,7971
908,Muslimnagar Uposhakha Narayanganj,7972
909,Fatullah Bazar  NARAYANGANJ,7973
910,Aliganj Uposhakha Narayanganj,7974
911,Boktaboli Bazar Upo Narayanganj,7975
912,BSCIC Fakir Market Uposhaka Gazipur,7980
913,Mirer Bazar Uposhakha  Gazipur,7981
914,Station Road Natun Bazar Tongi Gazi,7982
915,Pubail Bazar Uposhakha Gazipur,7983
916,Pubail Thana Road Upo  Gazipur,7984
917,Galimpur Uposhakha  Dhaka,7990
918,Komorganj Uposhakha Dhaka,7991
919,Paragram Hat Dhaka,7992
920,Bandura Dhaka,7993
921,Baraikhali Bazar Upo Munshiganj,7994
922,Sataish Uposhakha,8000
923,Boro Bari Uposhakha  Gazipur,8001
924,Maleker Bari Uposhakha Gazipur,8002
925,Sign Board Gazipur Uposhakha,8003
926,Nayarhat Bazar Uposhakha,8015
927,Kalampur Uposhakha  Dhaka,8016
928,Saturia Uposhakha Dhaka,8017
929,Khejurbag Uposhakha,8025
930,Chunkutia Uposhakha Dhaka,8026
931,East Chorail Uposhakha Dhaka,8027
932,Doleshwar Uposhakha Dhaka,8028
933,Alukanda Stand Bazar Dhaka,8029
934,Zinzira Uposhakha Dhaka,8030
935,Baipail Uposhakha,8035
936,Zirabo Uposhakha,8036
937,Kathgora Bazar Uposhakha Dhaka,8037
938,Yusuf Market Uposhakha Dhaka,8038
939,Kurgaon Uposhakha Dhaka,8039
940,South Gazirchat Uposhakha Dhaka,8040
941,Ambagan Uposhakha Dhaka,8041
942,Ghoshbag Uposhakha Dhaka,8042
943,Vadail Bazar Uposhakha Dhaka,8043
944,Ashulia Bazar Uposhakha Dhaka,8044
945,Amulia Staff Quarter Uposhakha,8045
946,Modonpur Uposhakha  Narayanganj,8046
947,Bhulta Uposhakha  Narayanganj,8047
948,Shiddhirganj Uposhakha  Narayanganj,8048
949,Kanchpur Uposhakha Narayanganj,8049
950,Godnail Chowdhurybari Narayanganj,8050
951,Borpa Uposhakha Narayanganj,8051
952,Borabo Bus Stand Narayanganj,8052
953,Chandra Uposhakha,8060
954,Baroipara Uposhakha,8061
955,Chakrabarti Bazar Uposhakha,8062
956,Beximco Industrial Park Gazipur,8063
957,Kaliakoir Uposhakha Gazipur,8064
958,Gorai Uposhakha Tangail,8065
959,Ghior Bazar Uposhakha,8070
960,Baniajuri Bazar Upo. Manikganj,8071
961,Aricha Ghat Uposhakha Manikganj,8072
962,Nali Bazar Uposhakha Manikganj,8073
963,Charigram Bazar Uposhakha Manikganj,8074
964,Jamsha Bazar Manikganj,8075
965,Jhitka Bazar Uposhakha Manikganj,8076
966,Golora I/A Uposhakha Manikganj,8077
967,Shreenagar Uposhakha,8080
968,Joypara Uposhakha  Dhaka,8081
969,Vaggyakul Uposhakha Munshigonj,8082
970,Al Amin Bazar Uposhakha Munshigonj,8083
971,Fultola Bazar Uposhakha Dhaka,8084
972,Radhaganj Uposhakha,8085
973,Atosh Ali Bazar Uposhakha Narsingdi,8086
974,Raipura Bazar Uposhakha Narsingdi,8087
975,Charsubuddi Bazar Upo. Narsingdhi,8088
976,Abdullahpur Uposhakha,8090
977,Nimtola Uposhakha Munshiganj,8091
978,Saban Factory More Uposhakha Dhaka,8092
979,Hasnabad Ekuria,8093
980,Ichapura Bazar  Munshiganj Upo,8094
981,Baluchar Bazar Upo Munshiganj,8095
982,Bhaluka Uposhakha Mymensingh,8100
983,Batajore Bazar Mymenshingh,8101
984,Bogar Bazar Uposhakha Mymenshing,8102
985,Square Masterbari Upo Mymensingh,8103
986,Sona Miah Bazar Narayanganj,8110
987,Hajiganj Wapdar Pool Narayanganj,8111
988,Station Road Fatullah Uposhakha,8112
989,Shimultoli Uposhakha,8115
990,Salna Bazar Uposhakha Gazipur,8116
991,Gorgoria Master Bari  Gazipur,8135
992,Joina Bazar Uposhakha Gazipur,8136
993,Memberbari Uposhakha Gazipur,8137
994,Kaoraid Bazar Uposhakha Gazipur,8138
995,Nakla Uttar Bazar Upo. Sherpur,8145
996,Sreebordi Uposhakha Sherpur,8146
997,Kusumhati Uposhakha Sherpur,8147
998,Jhenaigati Uposhakha Sherpur,8148
999,Nalitabari Uposhakha Sherpur,8149
1000,Nabiganj Uposhakha,8155
1001,Forazikanda Uposhakha Narayanganj,8156
1002,Mongoler Gaon Bottola Bazar Nganj,8157
1003,Sokal Bazar Uposhakha Jamalpur,8165
1004,Melandah Bazar Uposhakha Jamalpur,8166
1005,Balijuri Uposhakha Jamalpur,8167
1006,Islampur Bazar Jamalpur Uposhakha,8168
1007,Char Rajibpur Uposhakha Kurigram,8169
1008,Nandina Bazar Uposhakha Jamalpur,8170
1009,Hazipur Bazar  Jamalpur Uposhakha,8171
1010,Mahmudpur Bazar Jamalpur Uposhakha,8172
1011,Rowmari Uposhakha Kurigram,8173
1012,Narundi Bazar Uposhakha Jamalpur,8174
1013,Khilkhet Uposhakha  Dhaka,8175
1014,Kanchan Uposhakha Narayanganj,8176
1015,Dumni Uposhakha Dhaka,8177
1016,Rupganj Sub Registry Office  N.Ganj,8178
1017,Ulukhola Bazar Uposhakha Gazipur,8179
1018,Natiapara Bazar Uposhakha,8185
1019,Mirzapur Uposhakha Tangail,8186
1020,Basail Uposhakha Tangail,8187
1021,Sagardighi Uposhakha Tangail,8188
1022,Saheprotap Bazar Uposhakha,8195
1023,Velanagar,8196
1024,Bochila Uposhakha  Dhaka,8205
1025,Ruhitpur Uposhakha Dhaka,8206
1026,Kalatiya Uposhakha Dhaka,8207
1027,Kholamora Uposhakha Dhaka,8208
1028,Jawlahati Chawrasta Upo. Dhaka,8209
1029,Jhawchar Uposhakha Dhaka,8210
1030,Ati Bazar Dhaka,8211
1031,Jhalkuri Uposhakha,8215
1032,Delpara Bazar Uposhakha,8216
1033,Hirajheel Uposhakha  Narayanganj,8217
1034,Sanarpar Rahim Market Road N.ganj,8218
1035,Signboard Uposhakha Narayanganj,8219
1036,Dattapara Uposhakha Dhaka,8225
1037,Bhadam Bazar Uposhakha Gazipur,8226
1038,Kha Para Road Tongi Gazipur,8227
1039,Bangla Bazar Uposhakha,8235
1040,Monipur Bazar Uposhakha Joydebpur,8236
1041,Rajendrapur Gazipur,8237
1042,Jamalpur Chowrasta Bazar  Gazipur,8238
1043,Lohagachhia Bazar Gazipur,8239
1044,Fulbaria Bazar Kaliakoir  Gazipur,8240
1045,Amraid Bazar Uposhakha  Gazipur,8245
1046,Raniganj Bazar Uposhakha  Gazipur,8246
1047,Targaon Uposhakha Gazipur,8247
1048,Toke Nayon Bazar Uposhakha Gazipur,8248
1049,Vannara Bazar Uposhakha  Gazipur,8255
1050,Ansar Academy Uposhakha Gazipur,8256
1051,Jamtola Mouchak Uposhakha Gazipur,8257
1052,Goalanda Moor Uposhakha  Rajbari,8265
1053,Rajbari Uposhakha Rajbari,8266
1054,Maishala Bazar Pangsha Upo Rajbari,8267
1055,Machpara Uposhakha Rajbari,8268
1056,Kolar Hat Uposhakha Rajbari,8269
1057,Rotondia Bazar Kalukhali Rajbari,8270
1058,Sonapur Bazar Uposhakha Rajbari,8271
1059,Narua Bazar Uposhakha  Rajbari,8272
1060,Nandail Uposhakha Mymensingh,8275
1061,Karimganj Uposhakha Kishoreganj,8276
1062,Pakundia Upo. Kishoreganj,8277
1063,Boro Bazar Kishoreganj Uposhakha,8278
1064,Hossainpur Uposhakha Kishoreganj,8279
1065,Puler Ghat Bazar Uposhakha,8280
1066,Atharabari Raybazar Mymensingh,8281
1067,Dhuptara Kalibari Narayanganj,8285
1068,Sonargaon Taltola Bazar Narayanganj,8286
1069,Madhukhali Bazar Uposhakha Faridpur,8290
1070,Char Hajiganj Faridpur Faridpur,8291
1071,Baliakandi Rajbari Uposhakha,8292
1072,Kotalipara Uposhakha Gopalganj,8293
1073,Nagarkanda Uposhakha  Faridpur,8294
1074,Madhupur Uposhakha Tangail,8295
1075,Jamtoli Bazar Jamalpur Uposhakha,8296
1076,Tarakandi Uposhakha Jamalpur,8297
1077,Kalibari BusStand Gabtoli Mymensing,8298
1078,Aramnagar Bazar Sarisabari Jamalpur,8299
1079,Koyra Bazar Uposhakha Jamalpur,8300
1080,Barachaona Bazar Uposhakha Tangail,8305
1081,Gopalpur Uposhakha Tangail,8306
1082,Kasturipara Bazar Uposhakha Tangail,8307
1083,Kalihati Uposhakha Tangail,8308
1084,Balla Uposhakha Tangail,8309
1085,Nagarpur Tangail Uposhakha Tangail,8310
1086,Garo Bazar Uposhakha Tangail,8311
1087,Parkhi Bazar Uposhakha Tangail,8312
1088,Nalua Tangail,8313
1089,Palli Bidyut Ashulia Dhaka,8315
1090,Dobli Bazar Uposhakha Dhaka,8335
1091,Dohar Bazar Uposhakha Dhaka,8336
1092,Muksudpur Gopalganj Upo Gopalganj,8340
1093,Tungipara Uposhakha Gopalganj,8341
1094,Kurpar Uposhakha  Netrokona,8350
1095,Durgapur Netrokona Uposhakha,8351
1096,Kamarkhali Uposhakha  Faridpur,8380
1097,Racecourse Uposhakha,8500
1098,Paaduar Bazar Uposhakha,8501
1099,Burichang Uposhakha  Cumilla,8502
1100,Baghmara Bazar Uposhakha  Cumilla,8503
1101,Kotbari Uposhakha Cumilla,8504
1102,Cumilla EPZ Uposhakha Cumilla,8505
1103,Ranir Bazar Uposhakha Cumilla,8506
1104,Kandirpar Uposhakha Cumilla,8507
1105,Bipulashar Bazar Uposhakha Cumilla,8508
1106,Lakshmanpur Bazar Uposhakha Cumilla,8509
1107,Bizra Bazar Uposhakha Cumilla,8510
1108,Sankuchail Bazar Uposhakha Cumilla,8511
1109,Nangalkot Uposhakha Cumilla,8512
1110,Manoharganj Uposhakha Cumilla,8513
1111,Brahmanpara Bazar Uposhakha Cumilla,8514
1112,Natherpetua Uposhakha Cumilla,8515
1113,Muddafarganj Uposhakha Cumilla,8516
1114,Jafarganj Uposhakha Cumilla,8517
1115,Bholain Bazar Uposhakha Cumilla,8518
1116,Balutupa Bazar Cumilla,8519
1117,Academy Road Uposhakha,8520
1118,Chagalnaiya Uposhakha Feni,8521
1119,Fulgazi Uposhakha Feni,8522
1120,Hajir Bazar Uposhakha Feni,8523
1121,Baraiyarhat Uposhakha Chattogram,8524
1122,Dorbesher Hat Uposhakha Feni,8525
1123,Parshuram Uposhakha Feni,8526
1124,Boktar Munshir Bazar  Feni,8527
1125,Laskarhat Uposhakha Feni,8528
1126,Maijdee Uposhakha,8535
1127,Basurhat Uposhakha  Noakhali,8536
1128,Amishapara Uposhakha  Noakhali,8537
1129,Sonaimuri BazarUposhakha Noakhali,8538
1130,Chatkhil Uposhakha Noakhali,8539
1131,Kabirhat Uposhakha Noakhali,8540
1132,Maijdee Bazar Uposhakha Noakhali,8541
1133,Chaterpaiya Uposhakha Noakhali,8542
1134,Sonapur Uposhakha Noakhali,8543
1135,Subarnachar Uposhakha Noakhali,8544
1136,Bozra Bazar Uposhakha Noakhali,8545
1137,Senbag Bazar Uposhakha Noakhali,8546
1138,Chaprashir Hat Noakhali,8547
1139,Somir Munshir Hat Noakhali,8548
1140,Chowdhury Hat Noakhali,8549
1141,Debidwar Uposhakha,8550
1142,Bakhrabad Uposhakha  Cumilla,8551
1143,Ramchandrapur Bazar Cumilla,8552
1144,Bangora BazarUposhakha Brahmanbaria,8553
1145,Muradnagar Uposhakha Cumilla,8554
1146,Dakshin Bangora Rupbabu Bazar Upo,8555
1147,Mohonpur Bazar Uposhakha Cumilla,8560
1148,Ram Mohan Uposhakha Cumilla,8561
1149,Badarpur Uposhakha Cumilla,8562
1150,Adda Bazar Uposhakha Cumilla,8563
1151,Barura Uposhakha Cumilla,8564
1152,Madhaiya Bazar Uposhakha Cumilla,8565
1153,Mohichail Cumilla,8566
1154,Homna Bazar Uposhakha,8570
1155,Daudkandi Uposhakha Cumilla,8571
1156,Batakandi Bazar Uposhakha Cumilla,8572
1157,Ramkrishnopur Uposhakha Cumilla,8573
1158,Eliotganj Uposhakha Cumilla,8574
1159,Nayergaon Uposhakha Chandpur,8575
1160,Bancharampur Uposhakha Brahmanbaria,8576
1161,Narayanpur Bazar Uposhakha Chandpur,8577
1162,Gouripur Bus Stand Cumilla,8578
1163,Manikerchar Bazar Uposhakha Cumilla,8579
1164,Chengarchar Chandpur,8580
1165,Suagonj Bazar Uposhakha,8585
1166,Kashinagar Uposhakha,8586
1167,Nalghar Uposhakha,8587
1168,Buschi Bazar Uposhakha Cumilla,8588
1169,Dhorkora Uposhakha Cumilla,8589
1170,Munshir Hat Uposhakha Cumilla,8590
1171,Bangodda Bazar Uposhakha Cumilla,8591
1172,Gunabati Uposhakha  Cumilla,8592
1173,Chauddagram Uposhakha  Cumilla,8593
1174,Chhayani Bazar Uposhakha Noakhali,8600
1175,Raipur Uposhakha Lakshmipur,8601
1176,Dattapara Bazar Laxmipur Uposhakha,8602
1177,Khilpara Bazar Uposhakha Noakhali,8603
1178,Kachua Bazar Uposhakha,8610
1179,Hajiganj Bazar Uposhakha,8611
1180,Sachar Bazar Uposhakha  Chandpur,8612
1181,Shahrasti Uposhakha  Chandpur,8613
1182,Haimchar Bazar Uposhakha Chandpur,8614
1183,Rahima Nagar Uposhakha Chandpur,8615
1184,Chandpur Puran Bazar Upo. Chandpur,8616
1185,Nawabpur Cumilla,8617
1186,Matlab Dakshin Uposhakha Chandpur,8618
1187,Chandpur Baburhat Uposhakha ,8619
1188,Nimsar Bazar Uposhakha Cumilla,8620
1189,Kalir Bazar Cumilla Cumilla,8621
1190,Kangshanagar Uposhakha Cumilla,8622
1191,Alekhar Char Uposhakha Cumilla,8623
1192,Bangla Bazar Uposhakha Cumilla,8624
1193,Dalal Bazar Laxmipur Laxmipur,8635
1194,Haiderganj Uposhakha Laxmipur,8636
1195,Mandari Bazar Uposhakha Laxmipur,8637
1196,Rakhalia Bazar Uposhakha Laxmipur,8638
1197,Ramganj Laxmipur Upo Laxmipur,8639
1198,Chitoshi Bazar Uposhakha Chandpur,8645
1199,Hasanpur Dhalua Road Upo Cumilla,8646
1200,Laksham Junction Station Road Upo,8647
1201,Ananda Bazar Chandpur Uposhakha,8655
1202,Faridganj Uposhakha Chandpur,8656
1203,Sujatpur Bazar Uposhakha Chandpur,8657
1204,Meher Kalibari Uposhakha Chandpur,8658
1205,Bakila Bazar Uposhakha Chandpur,8659
1206,Chandra Bazar Uposhakha Chandpur,8660
1207,Palakhal Uposhakha  Chandpur,8662
1208,Dotter Hat Uposhakha Noakhali,8665
1209,Sebarhat Noakhali,8666
1210,Shantir Hat Uposhakha Noakhali,8667
1211,Uday Sadhur Hat Uposhakha Noakhali,8668
1212,Dagonbhuiyan Uposhakha Feni,8669
1213,Musapur Banglabazar upo  Noakhali,8670
1214,Jamiderhat Uposhakha Noakhali,8672
1215,Rahattar Pool Uposhakha  Chattogram,8765
1216,Patharghata Uposhakha Chattogram,8766
1217,Korbaniganj Uposhakha Chattogram,8767
1218,Laldighi Uposhakha Chattogram,8768
1219,Chaktai Uposhakha  Chattogram,8769
1220,Dewan Bazar Uposhakha  Chattogram,8780
1221,Teri Bazar Uposhakha Chattogram,8781
1222,Kanungopara Chattogram,8782
1223,Munsef Bazar Chattogram,8783
1224,Mohammadpur Ismail Colony CTG,8790
1225,Puratan Chandgaon Uposhakha CTG,8791
1226,B.Ed College Gate Upo. Chattogram,8792
1227,Panchlaish Uposhakha Chattogram,8793
1228,Sadarghat Road Uposhakha  CTG,8800
1229,Madarbari Uposhakha Chattogram,8801
1230,Bou Bazar Uposhakha Chattagram,8802
1231,Enayet Bazar Uposhakha Chattogram,8803
1232,Jamal Khan Road Chattogram,8804
1233,Kadamtoli Chattogram Uposhakha,8810
1234,P. C. Road Uposhakha Chattogram,8811
1235,Agrabad Access Road Upo Chattogram,8812
1236,Dewanhat Uposhakha Chattogram,8813
1237,Pahartoli Uposhakha Chattagram,8814
1238,WASA More Uposhakha  Chattogram,8820
1239,Kala Miah Bazar Uposhakha  CTG,8821
1240,Kunjachaya Uposhakha Chottogram,8822
1241,2 No. Gate Chattogram Uposhakha,8823
1242,Halishahor Uposhakha,8835
1243,Naya Bazar Uposhakha  Chattogram,8836
1244,Foillatali Bazar Uposhakha Ctg.,8837
1245,Artillery Road Uposhakha Chattogram,8838
1246,Koibulladham Uposhakha Chattogram,8839
1247,Airport Road Uposhakha,8845
1248,Steel Mill Uposhakha Chattogram,8846
1249,CEPZ Uposhakha Chattagram,8847
1250,Aturar Depot Uposhakha Chattogram,8860
1251,Khaja Road Uposhakha Chattogram,8861
1252,Chandgaon R/A Uposhakha Chattogram,8862
1253,Bayazid Uposhakha Chattogram,8863
1254,Bahaddarhat Uposhakha  Chattogram,8864
1255,Head Office,9900